coder,subnum,2,3,4,5,6,7,8,9,10,11,12,30,6,7,60,400,40,4,4000,1,80,40,pvTotal,pvAvg
,S1-00-01,,,,,,,,,,,,0,0,0,0,0,0,0,0,0,0,0,0,0.00
,S1-01-01,,,,,,,,,,,,0,0,0,0,0,0,0,0,0,0,0,0,0.00
,S1-02-01,,,,,,,,,,,,0,0,0,0,0,0,0,0,0,0,0,0,0.00
,S1-02-02,3,100,,,,,,,,,,0,0,0,0,0,0,0,0,0,0,0,0,0.00
,S1-02-03,,,,,,,,,,,,0,0,0,0,0,0,0,0,0,0,0,0,0.00
,S1-02-04,,,,,,,,,,,,0,0,0,0,0,0,0,0,0,0,0,0,0.00
,S1-02-05,,,,,,,,,,,,0,0,0,0,0,0,0,0,0,0,0,0,0.00
,S1-02-06,,,,,,,,,,,,0,0,0,0,0,0,0,0,0,0,0,0,0.00
,S1-02-07,,,,,,,,,,,,0,0,0,0,0,0,0,0,0,0,0,0,0.00
,S1-02-08,,,,,,,,,,,,0,0,0,0,0,0,0,0,0,0,0,0,0.00
,S1-02-09,,,,,,,,,,,,0,0,0,0,0,0,0,0,0,0,0,0,0.00
,S1-02-10,,,,,,,,,,,,0,0,0,0,0,0,0,0,0,0,0,0,0.00
,S1-02-11,,,,,,,,,,,,0,0,0,0,0,0,0,0,0,0,0,0,0.00
,S1-02-12,,,,,,,,,,,,0,0,0,0,0,0,0,0,0,0,0,0,0.00
,S1-02-13,,,,,,,,,,,,0,0,0,0,0,0,0,0,0,0,0,0,0.00
,S1-02-14,,,,,,,,,,,,0,0,0,0,0,0,0,0,0,0,0,0,0.00
,S1-02-15,,,,,,,,,,,,0,0,0,0,0,0,0,0,0,0,0,0,0.00
,S1-02-16,,,,,,,,,,,,0,0,0,0,0,0,0,0,0,0,0,0,0.00
,S1-02-17,20,6,25,40,,,,,,,,0,1,0,0,0,0,0,0,0,0,0,1,0.09
,S1-02-18,,,,,,,,,,,,0,0,0,0,0,0,0,0,0,0,0,0,0.00
,S1-03-01,,,,,,,,,,,,0,0,0,0,0,0,0,0,0,0,0,0,0.00
,S1-03-02,,,,,,,,,,,,0,0,0,0,0,0,0,0,0,0,0,0,0.00
,S1-03-03,,,,,,,,,,,,0,0,0,0,0,0,0,0,0,0,0,0,0.00
,S1-03-04,,,,,,,,,,,,0,0,0,0,0,0,0,0,0,0,0,0,0.00
,S1-03-05,33,,,,,,,,,,,0,0,0,0,0,0,0,0,0,0,0,0,0.00
,S1-03-06,,,,,,,,,,,,0,0,0,0,0,0,0,0,0,0,0,0,0.00
,S1-03-07,,,,,,,,,,,,0,0,0,0,0,0,0,0,0,0,0,0,0.00
,S1-03-08,,,,,,,,,,,,0,0,0,0,0,0,0,0,0,0,0,0,0.00
,S1-03-09,,,,,,,,,,,,0,0,0,0,0,0,0,0,0,0,0,0,0.00
,S1-03-10,,,,,,,,,,,,0,0,0,0,0,0,0,0,0,0,0,0,0.00
,S1-03-11,,,,,,,,,,,,0,0,0,0,0,0,0,0,0,0,0,0,0.00
,S1-03-12,,,,,,,,,,,,0,0,0,0,0,0,0,0,0,0,0,0,0.00
,S1-03-13,,,,,,,,,,,,0,0,0,0,0,0,0,0,0,0,0,0,0.00
,S1-03-14,,,,,,,,,,,,0,0,0,0,0,0,0,0,0,0,0,0,0.00
,S1-03-15,,,,,,,,,,,,0,0,0,0,0,0,0,0,0,0,0,0,0.00
,S1-03-16,4,,51,,,,,,,,,0,0,0,0,0,0,0,0,0,0,0,0,0.00
,S1-04-01,,,,,,,,,,,,0,0,0,0,0,0,0,0,0,0,0,0,0.00
,S1-04-02,,,,,,,,,,,,0,0,0,0,0,0,0,0,0,0,0,0,0.00
,S1-04-03,,,,,,,,,,,,0,0,0,0,0,0,0,0,0,0,0,0,0.00
,S1-04-04,,,,,,,,,,,,0,0,0,0,0,0,0,0,0,0,0,0,0.00
,S1-04-05,,,,,,,,,,,,0,0,0,0,0,0,0,0,0,0,0,0,0.00
,S1-04-06,,,,,,,,,,,,0,0,0,0,0,0,0,0,0,0,0,0,0.00
,S1-04-07,2,3,4,5,6,7,8,9,10,11,12,0,0,0,0,0,0,0,0,0,0,0,0,0.00
,S1-04-08,,,,,,,,,,,,0,0,0,0,0,0,0,0,0,0,0,0,0.00
,S1-04-09,,,,,,,,,,,,0,0,0,0,0,0,0,0,0,0,0,0,0.00
,S1-04-10,,,,,,,,,,,,0,0,0,0,0,0,0,0,0,0,0,0,0.00
,S1-04-11,,,,,,,,,,,,0,0,0,0,0,0,0,0,0,0,0,0,0.00
,S1-04-12,,,,,,,,,,,,0,0,0,0,0,0,0,0,0,0,0,0,0.00
,S1-04-13,,,,,,,,,,,,0,0,0,0,0,0,0,0,0,0,0,0,0.00
,S1-04-14,,,,,,,,,,,,0,0,0,0,0,0,0,0,0,0,0,0,0.00
,S1-04-15,,,,,,,,,,,,0,0,0,0,0,0,0,0,0,0,0,0,0.00
,S1-04-16,,,,,,,,,,,,0,0,0,0,0,0,0,0,0,0,0,0,0.00
,S1-04-17,,6,,,,,,,,,,0,1,0,0,0,0,0,0,0,0,0,1,0.09
,S1-04-18,,,,,,,,,,,,0,0,0,0,0,0,0,0,0,0,0,0,0.00
,S1-04-19,,,,,,,,,,,,0,0,0,0,0,0,0,0,0,0,0,0,0.00
,S1-05-01,,,,,,,,,,,,0,0,0,0,0,0,0,0,0,0,0,0,0.00
,S1-05-02,,,,,,,,,,,,0,0,0,0,0,0,0,0,0,0,0,0,0.00
,S1-06-01,,,,,,,,,,,,0,0,0,0,0,0,0,0,0,0,0,0,0.00
,S1-06-02,,,,,,,,,,,,0,0,0,0,0,0,0,0,0,0,0,0,0.00
,S1-06-03,,,,,,,,,,,,0,0,0,0,0,0,0,0,0,0,0,0,0.00
,S1-06-04,,,,,,,,,,,,0,0,0,0,0,0,0,0,0,0,0,0,0.00
,S1-06-05,,,,,,,,,,,,0,0,0,0,0,0,0,0,0,0,0,0,0.00
,S1-06-06,,,,,,,,,,,,0,0,0,0,0,0,0,0,0,0,0,0,0.00
,S1-06-07,,,,,,,,,,,,0,0,0,0,0,0,0,0,0,0,0,0,0.00
,S1-06-08,,,,,,,,,,,,0,0,0,0,0,0,0,0,0,0,0,0,0.00
,S1-07-01,,,,,,,,,,,,0,0,0,0,0,0,0,0,0,0,0,0,0.00
,S1-07-02,,,,,,,,,,,,0,0,0,0,0,0,0,0,0,0,0,0,0.00
,S1-07-03,,,,,,,,,,,,0,0,0,0,0,0,0,0,0,0,0,0,0.00
,S1-07-04,,,,,,,,,,,,0,0,0,0,0,0,0,0,0,0,0,0,0.00
,S1-07-05,,,,,,,,,,,,0,0,0,0,0,0,0,0,0,0,0,0,0.00
,S1-07-06,,,,,,,,,,,,0,0,0,0,0,0,0,0,0,0,0,0,0.00
,S1-07-07,,,,,,,,,,,,0,0,0,0,0,0,0,0,0,0,0,0,0.00
,S1-07-08,,6,,,,,,,,,,0,1,0,0,0,0,0,0,0,0,0,1,0.09
,S1-07-09,,,,,,,,,,,,0,0,0,0,0,0,0,0,0,0,0,0,0.00
,S1-07-10,,,,,,,,,,,,0,0,0,0,0,0,0,0,0,0,0,0,0.00
,S1-07-11,15,7,5,19,17,,,,,,,0,0,0,0,0,0,0,0,0,0,0,0,0.00
,S1-07-12,,,,,,,,,,,,0,0,0,0,0,0,0,0,0,0,0,0,0.00
,S1-07-13,,,,,,,,,,,,0,0,0,0,0,0,0,0,0,0,0,0,0.00
,S1-07-14,,,,,,,,,,,,0,0,0,0,0,0,0,0,0,0,0,0,0.00
,S1-07-15,,,,,,,,,,,,0,0,0,0,0,0,0,0,0,0,0,0,0.00
,S1-07-16,,,,,,,,,,,,0,0,0,0,0,0,0,0,0,0,0,0,0.00
,S1-07-17,,,,,,,,,,,,0,0,0,0,0,0,0,0,0,0,0,0,0.00
,S1-07-18,10,15,57,6,3,8,,,,,,0,0,0,0,0,0,0,0,0,0,0,0,0.00
,S1-07-19,,,,,,,,,,,,0,0,0,0,0,0,0,0,0,0,0,0,0.00
,S1-07-20,26,6,7,60,,,,,,,,0,1,1,1,0,0,0,0,0,0,0,3,0.27
,S1-07-21,,,,,,,,,,,,0,0,0,0,0,0,0,0,0,0,0,0,0.00
,S1-07-22,,,,,,,,,,,,0,0,0,0,0,0,0,0,0,0,0,0,0.00
,S1-07-23,30,16,57,63,,,,,,,,1,0,0,0,0,0,0,0,0,0,0,1,0.09
,S1-08-01,,,,,,,,,,,,0,0,0,0,0,0,0,0,0,0,0,0,0.00
,S1-09-01,,6,7,6,,,,,,,,0,1,1,0,0,0,0,0,0,0,0,2,0.18
,S1-09-02,,,,,,,,,,,,0,0,0,0,0,0,0,0,0,0,0,0,0.00
,S1-09-03,,,,,,,,,,,,0,0,0,0,0,0,0,0,0,0,0,0,0.00
,S1-09-04,,,,,,,,,,,,0,0,0,0,0,0,0,0,0,0,0,0,0.00
,S1-09-05,6,,,,,,,,,,,0,0,0,0,0,0,0,0,0,0,0,0,0.00
,S1-09-06,31,6,17,10,20,100,700,100,70,10,900,0,1,0,0,0,0,0,0,0,0,0,1,0.09
,S1-09-07,,16,,,,,,,,,,0,0,0,0,0,0,0,0,0,0,0,0,0.00
,S1-09-08,,,,,,,,,,,,0,0,0,0,0,0,0,0,0,0,0,0,0.00
,S1-09-09,,,,,,,,,,,,0,0,0,0,0,0,0,0,0,0,0,0,0.00
,S1-09-10,,,,,,,,,,,,0,0,0,0,0,0,0,0,0,0,0,0,0.00
,S1-09-11,,,,,,,,,,,,0,0,0,0,0,0,0,0,0,0,0,0,0.00
,S1-09-12,,,,,,,,,,,,0,0,0,0,0,0,0,0,0,0,0,0,0.00
,S1-09-13,,,,,,,,,,,,0,0,0,0,0,0,0,0,0,0,0,0,0.00
,S1-09-14,,6,6,,,,,,,,,0,1,0,0,0,0,0,0,0,0,0,1,0.09
,S1-09-15,,,,,,,,,,,,0,0,0,0,0,0,0,0,0,0,0,0,0.00
,S1-09-16,,,,,,,,,,,,0,0,0,0,0,0,0,0,0,0,0,0,0.00
,S1-09-17,,,,,,,,,,,,0,0,0,0,0,0,0,0,0,0,0,0,0.00
,S1-09-18,,,,,,,,,,,,0,0,0,0,0,0,0,0,0,0,0,0,0.00
,S1-09-19,,6,,,,,,,,,,0,1,0,0,0,0,0,0,0,0,0,1,0.09
,S1-09-20,,,,,,,,,,,,0,0,0,0,0,0,0,0,0,0,0,0,0.00
,S1-09-21,,,,,,,,,,,,0,0,0,0,0,0,0,0,0,0,0,0,0.00
,S1-10-01,4,15,,10,100,50,21,74,67,500,800,0,0,0,0,0,0,0,0,0,0,0,0,0.00
,S1-10-02,32,,,,,,,,,,,0,0,0,0,0,0,0,0,0,0,0,0,0.00
,S1-10-03,,,,,,,,,,,,0,0,0,0,0,0,0,0,0,0,0,0,0.00
,S1-10-04,,,,,,,,,,,,0,0,0,0,0,0,0,0,0,0,0,0,0.00
,S1-10-05,,,,,,,,,,,,0,0,0,0,0,0,0,0,0,0,0,0,0.00
,S1-10-06,5,1,,,,,,,,,,0,0,0,0,0,0,0,0,0,0,0,0,0.00
,S1-10-07,,,,,,,,,,,,0,0,0,0,0,0,0,0,0,0,0,0,0.00
,S1-10-08,,,,,,,,,,,,0,0,0,0,0,0,0,0,0,0,0,0,0.00
,S1-10-09,,,,,,,,,,,,0,0,0,0,0,0,0,0,0,0,0,0,0.00
,S1-10-10,,,,,,,,,,,,0,0,0,0,0,0,0,0,0,0,0,0,0.00
,S1-10-11,,,,,,,,,,,,0,0,0,0,0,0,0,0,0,0,0,0,0.00
,S1-10-12,13,17,,,,,,,,,,0,0,0,0,0,0,0,0,0,0,0,0,0.00
,S1-10-13,21,11,,,,,,,,,,0,0,0,0,0,0,0,0,0,0,0,0,0.00
,S1-10-14,,,,,,,,,,,,0,0,0,0,0,0,0,0,0,0,0,0,0.00
,S1-10-15,,,,,,,,,,,,0,0,0,0,0,0,0,0,0,0,0,0,0.00
,S1-10-16,,,,,,,,,,,,0,0,0,0,0,0,0,0,0,0,0,0,0.00
,S1-11-01,3,6,7,3,,,,,,,,0,1,1,0,0,0,0,0,0,0,0,2,0.18
,S1-11-02,36,26,,,,,,,,,,0,0,0,0,0,0,0,0,0,0,0,0,0.00
,S1-11-03,6,,,,,,,,,,,0,0,0,0,0,0,0,0,0,0,0,0,0.00
,S1-11-04,6,,,,,,,,,,,0,0,0,0,0,0,0,0,0,0,0,0,0.00
,S1-11-05,,,,,,,,,,,,0,0,0,0,0,0,0,0,0,0,0,0,0.00
,S1-11-06,,,,,,,,,,,,0,0,0,0,0,0,0,0,0,0,0,0,0.00
,S1-11-07,,,,,,,,,,,,0,0,0,0,0,0,0,0,0,0,0,0,0.00
,S1-11-08,,,,,,,,,,,,0,0,0,0,0,0,0,0,0,0,0,0,0.00
,S1-11-09,4,,,,,,,,,,,0,0,0,0,0,0,0,0,0,0,0,0,0.00
,S1-11-10,,8,,,,,,,,,,0,0,0,0,0,0,0,0,0,0,0,0,0.00
,S1-11-11,33,16,,,,,,,,,,0,0,0,0,0,0,0,0,0,0,0,0,0.00
,S1-11-12,,,,,,,,,,,,0,0,0,0,0,0,0,0,0,0,0,0,0.00
,S1-11-13,,,,,,,,,,,,0,0,0,0,0,0,0,0,0,0,0,0,0.00
,S1-11-14,,,,,,,,,,,,0,0,0,0,0,0,0,0,0,0,0,0,0.00
,S1-11-15,,,,,,,,,,,,0,0,0,0,0,0,0,0,0,0,0,0,0.00
,S1-11-16,,,,,,,,,,,,0,0,0,0,0,0,0,0,0,0,0,0,0.00
,S1-11-17,5,4,1,,,,,,,,,0,0,0,0,0,0,0,0,0,0,0,0,0.00
,S1-11-18,,,,,,,,,,,,0,0,0,0,0,0,0,0,0,0,0,0,0.00
,S1-12-01,,,,,,,,,,,,0,0,0,0,0,0,0,0,0,0,0,0,0.00
,S1-12-02,,,,,,,,,,,,0,0,0,0,0,0,0,0,0,0,0,0,0.00
,S1-12-03,,,,,,,,,,,,0,0,0,0,0,0,0,0,0,0,0,0,0.00
,S1-12-04,,,,,,,,,,,,0,0,0,0,0,0,0,0,0,0,0,0,0.00
,S1-12-05,,,,,,,,,,,,0,0,0,0,0,0,0,0,0,0,0,0,0.00
,S1-12-06,,,,,,,,,,,,0,0,0,0,0,0,0,0,0,0,0,0,0.00
,S1-12-07,,,,,,,,,,,,0,0,0,0,0,0,0,0,0,0,0,0,0.00
,S1-12-08,,,,,,,,,,,,0,0,0,0,0,0,0,0,0,0,0,0,0.00
,S1-12-09,,,,,,,,,,,,0,0,0,0,0,0,0,0,0,0,0,0,0.00
,S1-12-10,,,,,,,,,,,,0,0,0,0,0,0,0,0,0,0,0,0,0.00
,S1-12-11,6,,,,,,,,,,,0,0,0,0,0,0,0,0,0,0,0,0,0.00
,S1-12-12,3,26,,,,,,,,,,0,0,0,0,0,0,0,0,0,0,0,0,0.00
,S1-12-13,3,26,,,,,,,,,,0,0,0,0,0,0,0,0,0,0,0,0,0.00
,S1-12-14,,,,,,,,,,,,0,0,0,0,0,0,0,0,0,0,0,0,0.00
,S1-12-15,36,26,,,,,,,,,,0,0,0,0,0,0,0,0,0,0,0,0,0.00
,S1-13-01,,,,,,,,,,,,0,0,0,0,0,0,0,0,0,0,0,0,0.00
,S1-13-02,,,,,,,,,,,,0,0,0,0,0,0,0,0,0,0,0,0,0.00
,S1-13-03,,,,,,,,,,,,0,0,0,0,0,0,0,0,0,0,0,0,0.00
,S1-13-04,,,,,,,,,,,,0,0,0,0,0,0,0,0,0,0,0,0,0.00
,S1-13-05,,,,,,,,,,,,0,0,0,0,0,0,0,0,0,0,0,0,0.00
,S1-13-06,,,,,,,,,,,,0,0,0,0,0,0,0,0,0,0,0,0,0.00
,S1-13-07,,,,,,,,,,,,0,0,0,0,0,0,0,0,0,0,0,0,0.00
,S1-13-08,,,,,,,,,,,,0,0,0,0,0,0,0,0,0,0,0,0,0.00
,S1-13-09,,,,,,,,,,,,0,0,0,0,0,0,0,0,0,0,0,0,0.00
,S1-14-01,,,,,,,,,,,,0,0,0,0,0,0,0,0,0,0,0,0,0.00
,S1-14-02,,,,,,,,,,,,0,0,0,0,0,0,0,0,0,0,0,0,0.00
,S1-14-03,,,,,,,,,,,,0,0,0,0,0,0,0,0,0,0,0,0,0.00
,S1-14-04,,,,,,,,,,,,0,0,0,0,0,0,0,0,0,0,0,0,0.00
,S1-14-05,,,,,,,,,,,,0,0,0,0,0,0,0,0,0,0,0,0,0.00
,S1-14-06,,,,,,,,,,,,0,0,0,0,0,0,0,0,0,0,0,0,0.00
,S1-14-07,2,,,,,,,,,,,0,0,0,0,0,0,0,0,0,0,0,0,0.00
,S1-14-08,,,,,,,,,,,,0,0,0,0,0,0,0,0,0,0,0,0,0.00
,S1-14-09,2,,,,,,,,,,,0,0,0,0,0,0,0,0,0,0,0,0,0.00
,S1-14-10,,,,,,,,,,,,0,0,0,0,0,0,0,0,0,0,0,0,0.00
,S1-14-11,36,,,,,,,,,,,0,0,0,0,0,0,0,0,0,0,0,0,0.00
,S1-14-12,37,6,7,60,400,40,,,,,,0,1,1,1,1,1,0,0,0,0,0,5,0.45
,S1-14-13,,,,,,,,,,,,0,0,0,0,0,0,0,0,0,0,0,0,0.00
,S1-14-14,17,9,20,,,,,,,,,0,0,0,0,0,0,0,0,0,0,0,0,0.00
,S1-14-15,29,,,,,,,,,,,0,0,0,0,0,0,0,0,0,0,0,0,0.00
,S1-14-16,,,,,,,,,,,,0,0,0,0,0,0,0,0,0,0,0,0,0.00
,S1-14-17,3,6,,,,,,,,,,0,1,0,0,0,0,0,0,0,0,0,1,0.09
,S1-15-01,33,1,3,,,,,,,,,0,0,0,0,0,0,0,0,0,0,0,0,0.00
,S1-15-02,,,,,,,,,,,,0,0,0,0,0,0,0,0,0,0,0,0,0.00
,S1-15-03,,,,,,,,,,,,0,0,0,0,0,0,0,0,0,0,0,0,0.00
,S1-15-04,,1,,,,,,,,,,0,0,0,0,0,0,0,0,0,0,0,0,0.00
,S1-15-05,,,,,,,,,,,,0,0,0,0,0,0,0,0,0,0,0,0,0.00
,S1-15-06,,,,,,,,,,,,0,0,0,0,0,0,0,0,0,0,0,0,0.00
,S1-15-07,,,,,,,,,,,,0,0,0,0,0,0,0,0,0,0,0,0,0.00
,S1-15-08,23,6,7,60,100,,,,,,,0,1,1,1,0,0,0,0,0,0,0,3,0.27
,S1-15-09,,6,,,,,,,,,,0,1,0,0,0,0,0,0,0,0,0,1,0.09
,S1-15-10,,6,,,,,,,,,,0,1,0,0,0,0,0,0,0,0,0,1,0.09
,S1-15-11,,6,,,,,,,,,,0,1,0,0,0,0,0,0,0,0,0,1,0.09
,S1-15-12,,,,,,,,,,,,0,0,0,0,0,0,0,0,0,0,0,0,0.00
,S1-15-13,,,,,,,,,,,,0,0,0,0,0,0,0,0,0,0,0,0,0.00
,S1-15-14,,,,,,,,,,,,0,0,0,0,0,0,0,0,0,0,0,0,0.00
,S1-15-15,,,,,,,,,,,,0,0,0,0,0,0,0,0,0,0,0,0,0.00
,S1-15-16,,,,,,,,,,,,0,0,0,0,0,0,0,0,0,0,0,0,0.00
,S1-15-17,,,,,,,,,,,,0,0,0,0,0,0,0,0,0,0,0,0,0.00
,S1-15-20,,,,,,,,,,,,0,0,0,0,0,0,0,0,0,0,0,0,0.00
,S2-01-01,,,,,,,,,,,,0,0,0,0,0,0,0,0,0,0,0,0,0.00
,S2-02-01,,,,,,,,,,,,0,0,0,0,0,0,0,0,0,0,0,0,0.00
,S2-03-01,20,6,7,60,54,,,,,,,0,1,1,1,0,0,0,0,0,0,0,3,0.27
,S2-03-02,36,26,7,60,400,42,4,70,,,,0,0,1,1,1,0,1,0,0,0,0,4,0.36
,S2-03-03,30,6,7,60,54,540,745,4771,7,,,1,1,1,1,0,0,0,0,0,0,0,4,0.36
,S2-03-04,30,6,7,60,54,200,,,,,,1,1,1,1,0,0,0,0,0,0,0,4,0.36
,S2-03-05,,,,,,,,,,,,0,0,0,0,0,0,0,0,0,0,0,0,0.00
,S2-03-06,,,,,,,,,,,,0,0,0,0,0,0,0,0,0,0,0,0,0.00
,S2-03-07,,,,,,,,,,,,0,0,0,0,0,0,0,0,0,0,0,0,0.00
,S2-03-08,,,,,,,,,,,,0,0,0,0,0,0,0,0,0,0,0,0,0.00
,S2-03-09,,,,,,,,,,,,0,0,0,0,0,0,0,0,0,0,0,0,0.00
,S2-03-10,,,,,,,,,,,,0,0,0,0,0,0,0,0,0,0,0,0,0.00
,S2-03-11,,,,,,,,,,,,0,0,0,0,0,0,0,0,0,0,0,0,0.00
,S2-03-12,,,,,,,,,,,,0,0,0,0,0,0,0,0,0,0,0,0,0.00
,S2-03-13,80,6,7,,,,,,,,,0,1,1,0,0,0,0,0,0,0,0,2,0.18
,S2-03-14,,,,,,,,,,,,0,0,0,0,0,0,0,0,0,0,0,0,0.00
,S2-03-15,,,,,,,,,,,,0,0,0,0,0,0,0,0,0,0,0,0,0.00
,S2-03-16,,,,,,,,,,,,0,0,0,0,0,0,0,0,0,0,0,0,0.00
,S2-03-17,,,,,,,,,,,,0,0,0,0,0,0,0,0,0,0,0,0,0.00
,S2-03-18,,,,,,,,,,,,0,0,0,0,0,0,0,0,0,0,0,0,0.00
,S2-03-19,,,,,,,,,,,,0,0,0,0,0,0,0,0,0,0,0,0,0.00
,S2-04-01,30,6,7,60,400,42,4,4000,,,,1,1,1,1,1,0,1,1,0,0,0,7,0.64
,S2-04-02,,,,,,,,,,,,0,0,0,0,0,0,0,0,0,0,0,0,0.00
,S2-04-03,,,,,,,,,,,,0,0,0,0,0,0,0,0,0,0,0,0,0.00
,S2-04-04,,,,,,,,,,,,0,0,0,0,0,0,0,0,0,0,0,0,0.00
,S2-04-05,30,6,7,60,4000,,,,,,,1,1,1,1,0,0,0,0,0,0,0,4,0.36
,S2-04-06,,,,,,,,,,,,0,0,0,0,0,0,0,0,0,0,0,0,0.00
,S2-04-07,30,6,7,60,400,40,4,1000,1,80,40,1,1,1,1,1,1,1,0,1,1,1,10,0.91
,S2-04-08,30,6,7,60,400,40,2,4000,1,8,4,1,1,1,1,1,1,0,1,1,0,0,8,0.73
,S2-04-09,30,6,7,60,,,,,,,,1,1,1,1,0,0,0,0,0,0,0,4,0.36
,S2-04-10,30,6,7,60,400,,,,,,,1,1,1,1,1,0,0,0,0,0,0,5,0.45
,S2-04-11,30,6,7,60,400,40,4,,1,,,1,1,1,1,1,1,1,0,1,0,0,8,0.73
,S2-04-12,30,6,7,60,,,,,,,,1,1,1,1,0,0,0,0,0,0,0,4,0.36
,S2-04-13,,,,,,,,,,,,0,0,0,0,0,0,0,0,0,0,0,0,0.00
,S2-04-14,,,,,,,,,,,,0,0,0,0,0,0,0,0,0,0,0,0,0.00
,S2-04-15,,,,,,,,,,,,0,0,0,0,0,0,0,0,0,0,0,0,0.00
,S2-04-16,36,26,7,66,400,40,,,,,,0,0,1,0,1,1,0,0,0,0,0,3,0.27
,S2-04-17,30,6,7,60,,40,,,,,,1,1,1,1,0,1,0,0,0,0,0,5,0.45
,S2-04-18,30,6,7,60,400,42,4,,,,,1,1,1,1,1,0,1,0,0,0,0,6,0.55
,S2-04-19,,,,,,,,,,,,0,0,0,0,0,0,0,0,0,0,0,0,0.00
,S2-05-01,,,,,,,,,,,,0,0,0,0,0,0,0,0,0,0,0,0,0.00
,S2-05-02,,,,,,,,,,,,0,0,0,0,0,0,0,0,0,0,0,0,0.00
,S2-06-01,,,,,,,,,,,,0,0,0,0,0,0,0,0,0,0,0,0,0.00
,S2-06-02,,,,,,,,,,,,0,0,0,0,0,0,0,0,0,0,0,0,0.00
,S2-06-03,,,,,,,,,,,,0,0,0,0,0,0,0,0,0,0,0,0,0.00
,S2-06-04,,,,,,,,,,,,0,0,0,0,0,0,0,0,0,0,0,0,0.00
,S2-07-01,,,,,,,,,,,,0,0,0,0,0,0,0,0,0,0,0,0,0.00
,S2-08-01,36,6,7,3,4,42,,,,,,0,1,1,0,0,0,0,0,0,0,0,2,0.18
,S2-08-02,,,,,,,,,,,,0,0,0,0,0,0,0,0,0,0,0,0,0.00
,S2-08-03,,,,,,,,,,,,0,0,0,0,0,0,0,0,0,0,0,0,0.00
,S2-09-01,,,,,,,,,,,,0,0,0,0,0,0,0,0,0,0,0,0,0.00
,S2-09-02,,,,,,,,,,,,0,0,0,0,0,0,0,0,0,0,0,0,0.00
,S2-09-03,,,,,,,,,,,,0,0,0,0,0,0,0,0,0,0,0,0,0.00
,S2-09-04,,,,,,,,,,,,0,0,0,0,0,0,0,0,0,0,0,0,0.00
,S2-09-05,36,6,7,60,,,,,,,,0,1,1,1,0,0,0,0,0,0,0,3,0.27
,S2-09-06,,,,,,,,,,,,0,0,0,0,0,0,0,0,0,0,0,0,0.00
,S2-09-07,36,,,,,,,,,,,0,0,0,0,0,0,0,0,0,0,0,0,0.00
,S2-09-08,15,,,,,,,,,,,0,0,0,0,0,0,0,0,0,0,0,0,0.00
,S2-09-09,,,,,,,,,,,,0,0,0,0,0,0,0,0,0,0,0,0,0.00
,S2-09-10,,,,,,,,,,,,0,0,0,0,0,0,0,0,0,0,0,0,0.00
,S2-09-11,,,,,,,,,,,,0,0,0,0,0,0,0,0,0,0,0,0,0.00
,S2-09-12,,,,,,,,,,,,0,0,0,0,0,0,0,0,0,0,0,0,0.00
,S2-09-13,30,6,7,60,,40,2,,,,,1,1,1,1,0,1,0,0,0,0,0,5,0.45
,S2-09-14,,,,,,,,,,,,0,0,0,0,0,0,0,0,0,0,0,0,0.00
,S2-09-15,,,,,,,,,,,,0,0,0,0,0,0,0,0,0,0,0,0,0.00
,S2-09-16,,,,,,,,,,,,0,0,0,0,0,0,0,0,0,0,0,0,0.00
,S2-09-17,,,,,,,,,,,,0,0,0,0,0,0,0,0,0,0,0,0,0.00
,S2-09-18,,,,,,,,,,,,0,0,0,0,0,0,0,0,0,0,0,0,0.00
,S2-09-19,6,,,,,,,,,,,0,0,0,0,0,0,0,0,0,0,0,0,0.00
,S2-09-20,30,6,7,60,400,40,4,4000,400,80,40,1,1,1,1,1,1,1,1,0,1,1,10,0.91
,S2-10-01,,,,,,,,,,,,0,0,0,0,0,0,0,0,0,0,0,0,0.00
,S2-10-02,30,6,7,60,40,,,,,,,1,1,1,1,0,0,0,0,0,0,0,4,0.36
,S2-10-03,36,26,,,,,,,,,,0,0,0,0,0,0,0,0,0,0,0,0,0.00
,S2-10-04,,,,,,,,,,,,0,0,0,0,0,0,0,0,0,0,0,0,0.00
,S2-10-05,3,,,,,,,,,,,0,0,0,0,0,0,0,0,0,0,0,0,0.00
,S2-10-06,,,,,,,,,,,,0,0,0,0,0,0,0,0,0,0,0,0,0.00
,S2-10-07,,,,,,,,,,,,0,0,0,0,0,0,0,0,0,0,0,0,0.00
,S2-10-08,,,,,,,,,,,,0,0,0,0,0,0,0,0,0,0,0,0,0.00
,S2-10-09,,,,,,,,,,,,0,0,0,0,0,0,0,0,0,0,0,0,0.00
,S2-10-10,30,,,,,,,,,,,1,0,0,0,0,0,0,0,0,0,0,1,0.09
,S2-10-11,30,6,7,60,400,40,4,,,,,1,1,1,1,1,1,1,0,0,0,0,7,0.64
,S2-10-12,,,,,,,,,,,,0,0,0,0,0,0,0,0,0,0,0,0,0.00
,S2-10-13,30,6,7,60,400,40,4,4000,7001,80,40,1,1,1,1,1,1,1,1,0,1,1,10,0.91
,S2-10-14,,,,,,,,,,,,0,0,0,0,0,0,0,0,0,0,0,0,0.00
,S2-10-15,30,6,7,60,40,40,,,,,,1,1,1,1,0,1,0,0,0,0,0,5,0.45
,S2-10-16,,,,,,,,,,,,0,0,0,0,0,0,0,0,0,0,0,0,0.00
,S2-10-17,4,26,,,,,,,,,,0,0,0,0,0,0,0,0,0,0,0,0,0.00
,S2-10-18,10,6,7,60,40,40,,,,,,0,1,1,1,0,1,0,0,0,0,0,4,0.36
,S2-10-19,,,,,,,,,,,,0,0,0,0,0,0,0,0,0,0,0,0,0.00
,S2-10-20,,6,7,60,,,,,,,,0,1,1,1,0,0,0,0,0,0,0,3,0.27
,S2-10-21,,,,,,,,,,,,0,0,0,0,0,0,0,0,0,0,0,0,0.00
,S2-10-22,,,,,,,,,,,,0,0,0,0,0,0,0,0,0,0,0,0,0.00
,S2-11-01,,,,,,,,,,,,0,0,0,0,0,0,0,0,0,0,0,0,0.00
,S2-12-01,,,,,,,,,,,,0,0,0,0,0,0,0,0,0,0,0,0,0.00
,S2-12-01,,,,,,,,,,,,0,0,0,0,0,0,0,0,0,0,0,0,0.00
,S2-13-01,30,6,7,60,,,,,,,,1,1,1,1,0,0,0,0,0,0,0,4,0.36
,S2-13-02,30,6,7,60,,,,,,,,1,1,1,1,0,0,0,0,0,0,0,4,0.36
,S2-13-03,,,,,,,,,,,,0,0,0,0,0,0,0,0,0,0,0,0,0.00
,S2-13-04,30,6,7,60,54,,,,,,,1,1,1,1,0,0,0,0,0,0,0,4,0.36
,S2-13-05,30,20,,60,,40,4,,400,,,1,0,0,1,0,1,1,0,0,0,0,4,0.36
,S2-13-06,30,7,7,,,,,,,,,1,0,1,0,0,0,0,0,0,0,0,2,0.18
,S2-13-07,,,,,,,,,,,,0,0,0,0,0,0,0,0,0,0,0,0,0.00
,S2-13-08,,,,,,,,,,,,0,0,0,0,0,0,0,0,0,0,0,0,0.00
,S2-13-09,,6,7,60,,,,,,,,0,1,1,1,0,0,0,0,0,0,0,3,0.27
,S2-13-10,,,,,,,,,,,,0,0,0,0,0,0,0,0,0,0,0,0,0.00
,S2-13-11,,,,,,,,,,,,0,0,0,0,0,0,0,0,0,0,0,0,0.00
,S2-13-12,32,15,56,62,,,,,,,,0,0,0,0,0,0,0,0,0,0,0,0,0.00
,S2-13-13,,,,,,,,,,,,0,0,0,0,0,0,0,0,0,0,0,0,0.00
,S2-13-14,,,,,,,,,,,,0,0,0,0,0,0,0,0,0,0,0,0,0.00
,S2-13-15,30,6,7,60,,40,,,,,,1,1,1,1,0,1,0,0,0,0,0,5,0.45
,S2-13-16,,,,,,,,,,,,0,0,0,0,0,0,0,0,0,0,0,0,0.00
,S2-13-17,,,,,,,,,,,,0,0,0,0,0,0,0,0,0,0,0,0,0.00
,S2-13-18,,15,,6,,,,,,,,0,0,0,0,0,0,0,0,0,0,0,0,0.00
,S2-13-19,,6,7,6,,,,,,,,0,1,1,0,0,0,0,0,0,0,0,2,0.18
,S2-13-20,30,6,7,60,400,42,4,4000,1,88,40,1,1,1,1,1,0,1,1,1,0,1,9,0.82
,S2-13-21,36,26,,,,,,,,,,0,0,0,0,0,0,0,0,0,0,0,0,0.00
,S2-13-22,,,,,,,,,,,,0,0,0,0,0,0,0,0,0,0,0,0,0.00
,S2-14-01,,,,,,,,,,,,0,0,0,0,0,0,0,0,0,0,0,0,0.00
,S2-14-02,,,,,,,,,,,,0,0,0,0,0,0,0,0,0,0,0,0,0.00
,S2-14-03,,,,,,,,,,,,0,0,0,0,0,0,0,0,0,0,0,0,0.00
,S2-14-04,,,,,,,,,,,,0,0,0,0,0,0,0,0,0,0,0,0,0.00
,S2-14-05,,,,,,,,,,,,0,0,0,0,0,0,0,0,0,0,0,0,0.00
,S2-14-06,,,,,,,,,,,,0,0,0,0,0,0,0,0,0,0,0,0,0.00
,S2-14-07,,,,,,,,,,,,0,0,0,0,0,0,0,0,0,0,0,0,0.00
,S2-14-08,,,,,,,,,,,,0,0,0,0,0,0,0,0,0,0,0,0,0.00
,S2-14-09,,,,,,,,,,,,0,0,0,0,0,0,0,0,0,0,0,0,0.00
,S2-14-10,,,,,,,,,,,,0,0,0,0,0,0,0,0,0,0,0,0,0.00
,S2-15-01,,,,,,,,,,,,0,0,0,0,0,0,0,0,0,0,0,0,0.00
,S2-16-01,36,26,7,96,,,,,,,,0,0,1,0,0,0,0,0,0,0,0,1,0.09
,S2-16-02,,,,,,,,,,,,0,0,0,0,0,0,0,0,0,0,0,0,0.00
,S2-16-03,,,,,,,,,,,,0,0,0,0,0,0,0,0,0,0,0,0,0.00
,S2-16-04,,,,,,,,,,,,0,0,0,0,0,0,0,0,0,0,0,0,0.00
,S2-16-05,20,6,7,60,,,,,,,,0,1,1,1,0,0,0,0,0,0,0,3,0.27
,S2-16-06,,,,,,,,,,,,0,0,0,0,0,0,0,0,0,0,0,0,0.00
,S2-16-07,,,,,,,,,,,,0,0,0,0,0,0,0,0,0,0,0,0,0.00
,S2-16-08,30,6,7,60,381,540,,,,,,1,1,1,1,0,0,0,0,0,0,0,4,0.36
,S2-16-09,,6,7,60,,,,,,,,0,1,1,1,0,0,0,0,0,0,0,3,0.27
,S2-16-10,,,,,,,,,,,,0,0,0,0,0,0,0,0,0,0,0,0,0.00
,S2-16-11,36,26,,,,,,,,,,0,0,0,0,0,0,0,0,0,0,0,0,0.00
,S2-16-12,,,,,,,,,,,,0,0,0,0,0,0,0,0,0,0,0,0,0.00
,S2-16-13,,6,,,,,,,,,,0,1,0,0,0,0,0,0,0,0,0,1,0.09
,S2-16-14,,6,7,,,,,,,,,0,1,1,0,0,0,0,0,0,0,0,2,0.18
,S2-16-15,3,6,7,60,400,4,4,4000,,,,0,1,1,1,1,0,1,1,0,0,0,6,0.55
,S2-16-16,,,,,,,,,,,,0,0,0,0,0,0,0,0,0,0,0,0,0.00
,S2-16-17,,,,,,,,,,,,0,0,0,0,0,0,0,0,0,0,0,0,0.00
,S2-16-18,,6,,,,,,,,,,0,1,0,0,0,0,0,0,0,0,0,1,0.09
,S2-16-19,30,6,7,60,400,40,4,4000,1,0,40,1,1,1,1,1,1,1,1,1,0,1,10,0.91
,S2-16-20,,6,7,60,400,40,2,4000,,,,0,1,1,1,1,1,0,1,0,0,0,6,0.55
,S2-17-01,,,,,,,,,,,,0,0,0,0,0,0,0,0,0,0,0,0,0.00
,S2-17-02,30,6,7,30,,,,,,,,1,1,1,0,0,0,0,0,0,0,0,3,0.27
,S2-17-03,30,6,7,60,,,,,,,,1,1,1,1,0,0,0,0,0,0,0,4,0.36
,S2-17-04,,6,,,,,,,,,,0,1,0,0,0,0,0,0,0,0,0,1,0.09
,S2-17-05,31,6,7,60,,,,,,,,0,1,1,1,0,0,0,0,0,0,0,3,0.27
,S2-17-06,30,6,7,60,,,,,,,,1,1,1,1,0,0,0,0,0,0,0,4,0.36
,S2-17-07,36,6,,,,,,,,,,0,1,0,0,0,0,0,0,0,0,0,1,0.09
,S2-17-08,3,6,,,,,,,,,,0,1,0,0,0,0,0,0,0,0,0,1,0.09
,S2-17-09,,6,7,,100,,,,,,,0,1,1,0,0,0,0,0,0,0,0,2,0.18
,S2-17-10,30,6,7,60,400,40,2,4000,,0,42,1,1,1,1,1,1,0,1,0,0,0,7,0.64
,S2-17-11,30,26,7,60,,,,,,,,1,0,1,1,0,0,0,0,0,0,0,3,0.27
,S2-17-12,30,6,6,60,,,,,,,,1,1,0,1,0,0,0,0,0,0,0,3,0.27
,S2-17-13,30,6,7,60,,,,,,,100,1,1,1,1,0,0,0,0,0,0,0,4,0.36
,S2-17-14,,,,,,,,,,,,0,0,0,0,0,0,0,0,0,0,0,0,0.00
,S2-17-15,10,6,7,60,,,,,,,,,,1,1,0,0,0,0,0,0,0,2,0.22
,S2-17-16,30,6,7,66,,,,,,,,1,1,1,0,0,0,0,0,0,0,0,3,0.27
,S2-17-17,30,6,7,60,400,4,4,72,71,85,4,1,1,1,1,1,0,1,0,0,0,0,6,0.55
,S2-17-18,,,,,,,,,,,,0,0,0,0,0,0,0,0,0,0,0,0,0.00
,S2-17-19,30,6,7,60,,,,,,,,1,1,1,1,0,0,0,0,0,0,0,4,0.36
,S2-17-20,,,,,,,,,,,,0,0,0,0,0,0,0,0,0,0,0,0,0.00
,S2-18-01,30,6,7,60,400,40,4,,,,,1,1,1,1,1,1,1,0,0,0,0,7,0.64
,S2-18-02,30,6,7,60,400,40,4,40,6,80,40,1,1,1,1,1,1,1,0,0,1,1,9,0.82
,S2-18-03,,,,,,,,,,,,0,0,0,0,0,0,0,0,0,0,0,0,0.00
,S2-18-04,,,,,,,,,,,,0,0,0,0,0,0,0,0,0,0,0,0,0.00
,S2-18-05,,,,,,,,,,,,0,0,0,0,0,0,0,0,0,0,0,0,0.00
,S2-18-06,,,,,,,,,,,,0,0,0,0,0,0,0,0,0,0,0,0,0.00
,S2-18-07,,,,,,,,,,,,0,0,0,0,0,0,0,0,0,0,0,0,0.00
,S2-18-08,,,,,,,,,,,,0,0,0,0,0,0,0,0,0,0,0,0,0.00
,S2-18-09,30,6,7,60,,,,,,,,1,1,1,1,0,0,0,0,0,0,0,4,0.36
,S2-18-10,31,6,7,60,,,,,,,,0,1,1,1,0,0,0,0,0,0,0,3,0.27
,S2-18-11,,6,8,,,,,,,,,0,1,0,0,0,0,0,0,0,0,0,1,0.09
,S2-18-12,30,6,7,60,4,40,,,,,,1,1,1,1,0,1,0,0,0,0,0,5,0.45
,S2-18-13,30,6,7,60,400,40,4,400,1,80,40,1,1,1,1,1,1,1,0,1,1,1,10,0.91
,S2-18-14,,,,,,,,,,,,0,0,0,0,0,0,0,0,0,0,0,0,0.00
,S2-18-15,30,6,7,60,400,40,4,,,,,1,1,1,1,1,1,1,0,0,0,0,7,0.64
,S2-18-16,5,6,6,60,,,,,,,,0,1,0,1,0,0,0,0,0,0,0,2,0.18
,S2-18-17,,6,7,60,,,,,,,,0,1,1,1,0,0,0,0,0,0,0,3,0.27
,S2-18-18,,,,,,,,,,,,0,0,0,0,0,0,0,0,0,0,0,0,0.00
,S2-18-19,30,6,7,60,,40,4,,,,,1,1,1,1,0,1,1,0,0,0,0,6,0.55
,S2-18-20,36,30,7,66,,,,,,,,0,0,1,0,0,0,0,0,0,0,0,1,0.09
,S2-18-21,,,,,,,,,,,,0,0,0,0,0,0,0,0,0,0,0,0,0.00
,S2-19-01,30,6,49,64,100,,,,,,,1,1,0,0,0,0,0,0,0,0,0,2,0.18
,S2-19-02,,,,,,,,,,,,0,0,0,0,0,0,0,0,0,0,0,0,0.00
,S2-19-03,30,15,,,,,,,,,,1,0,0,0,0,0,0,0,0,0,0,1,0.09
,S2-19-04,14,6,7,60,400,4,6,4772,100,800,900,0,1,1,1,1,0,0,0,0,0,0,4,0.36
,S2-19-05,22,6,7,60,,,,,,,,0,1,1,1,0,0,0,0,0,0,0,3,0.27
,S2-19-06,4,15,40,,,,,,,,,0,0,0,0,0,0,0,0,0,0,0,0,0.00
,S2-19-07,30,6,7,60,,,,,,,,1,1,1,1,0,0,0,0,0,0,0,4,0.36
,S2-19-08,30,6,7,60,400,40,4,4000,1,80,40,1,1,1,1,1,1,1,1,1,1,1,11,1.00
,S2-19-09,30,6,7,60,96,100,800,500,900,,,1,1,1,1,0,0,0,0,0,0,0,4,0.36
,S2-19-10,,,,,,,,,,,,0,0,0,0,0,0,0,0,0,0,0,0,0.00
,S2-19-11,,,,,,,,,,,,0,0,0,0,0,0,0,0,0,0,0,0,0.00
,S2-19-12,30,6,7,60,400,40,4,,,,,1,1,1,1,1,1,1,0,0,0,0,7,0.64
,S2-19-13,30,6,7,60,400,40,4,4000,1,80,40,1,1,1,1,1,1,1,1,1,1,1,11,1.00
,S2-19-14,30,6,7,60,,,,,,,,1,1,1,1,0,0,0,0,0,0,0,4,0.36
,S2-19-15,,,,,,,,,,,,0,0,0,0,0,0,0,0,0,0,0,0,0.00
,S2-19-16,,,,,,,,,,,,0,0,0,0,0,0,0,0,0,0,0,0,0.00
,S2-19-17,,,,,,,,,,,,0,0,0,0,0,0,0,0,0,0,0,0,0.00
,S2-19-18,30,6,7,60,40,,,,,,,1,1,1,1,0,0,0,0,0,0,0,4,0.36
,S2-19-19,,,,,,,,,,,,0,0,0,0,0,0,0,0,0,0,0,0,0.00